symbol,action,price,current_weight,target_weight,delta_weight,current_shares,target_shares,delta_shares,trade_value,trade_value_rmb
600028.SH,SELL,136.48669962089252,0.10382293762575454,0.04730370760650782,-0.05651923001924672,76,35,-41,-5651.923001924672,-5651.923001924672
600941.SH,SELL,130.58329815650444,0.10199901108992017,0.0506282653700174,-0.05137074571990277,78,39,-39,-5137.074571990277,-5137.074571990277
601728.SH,SELL,99.26903453331846,0.10186276821504361,0.0506282653700174,-0.05123450284502622,103,51,-52,-5123.450284502622,-5123.450284502622
000157.SZ,HOLD_FILTERED,113.4205708117684,0.08320194057004245,0.08320194057004245,0.0,73,73,0,0.0,0.0
000938.SZ,HOLD_FILTERED,142.5299771541008,0.07486013532837535,0.07486013532837535,0.0,53,53,0,0.0,0.0
002371.SZ,HOLD_FILTERED,204.04632361657238,0.0,0.0,0.0,0,0,0,0.0,0.0
300394.SZ,HOLD_FILTERED,133.7982861035229,0.0,0.0,0.0,0,0,0,0.0,0.0
600000.SH,HOLD_FILTERED,124.00187607641439,0.016395575797007157,0.016395575797007157,0.0,13,13,0,0.0,0.0
600362.SH,HOLD_FILTERED,117.24378085178313,0.0,0.0,0.0,0,0,0,0.0,0.0
600660.SH,HOLD_FILTERED,123.96126372315983,0.0,0.0,0.0,0,0,0,0.0,0.0
601088.SH,HOLD_FILTERED,85.48649287765801,0.05481514594768161,0.05481514594768161,0.0,64,64,0,0.0,0.0
601111.SH,HOLD_FILTERED,87.20030185609467,0.0,0.0,0.0,0,0,0,0.0,0.0
601166.SH,HOLD_FILTERED,87.67642457127084,0.052366826773839754,0.052366826773839754,0.0,60,60,0,0.0,0.0
601225.SH,HOLD_FILTERED,156.88115955837873,0.06357341374706504,0.06357341374706504,0.0,41,41,0,0.0,0.0
601288.SH,HOLD_FILTERED,137.63624088084728,0.0874430709173715,0.0874430709173715,0.0,64,64,0,0.0,0.0
601390.SH,HOLD_FILTERED,147.32696884366533,0.0,0.0,0.0,0,0,0,0.0,0.0
601398.SH,HOLD_FILTERED,119.54008785651918,0.0,0.0,0.0,0,0,0,0.0,0.0
601601.SH,HOLD_FILTERED,190.19462353852646,0.052366826773839754,0.052366826773839754,0.0,28,28,0,0.0,0.0
601857.SH,HOLD_FILTERED,77.98496399694037,0.0495971132822654,0.0495971132822654,0.0,64,64,0,0.0,0.0
601872.SH,HOLD_FILTERED,152.76326247058174,0.0,0.0,0.0,0,0,0,0.0,0.0
601899.SH,HOLD_FILTERED,162.66242285900697,0.05746749171934362,0.05746749171934362,0.0,35,35,0,0.0,0.0
601919.SH,HOLD_FILTERED,151.38032031334373,0.0,0.0,0.0,0,0,0,0.0,0.0
